{"stats":{"minecraft:mined":{"minecraft:mud":9,"minecraft:grass_block":114,"minecraft:oak_log":37,"minecraft:dirt":4,"minecraft:spruce_leaves":4,"minecraft:moss_block":37,"minecraft:oak_leaves":6},"minecraft:used":{"minecraft:jungle_sapling":5,"minecraft:wooden_axe":12,"minecraft:acacia_stairs":4,"minecraft:grass_block":120,"minecraft:dirt":272,"minecraft:wolf_spawn_egg":4,"minecraft:mule_spawn_egg":9,"minecraft:dandelion":1,"minecraft:bone_meal":9},"minecraft:dropped":{"minecraft:dirt":25,"minecraft:blaze_rod":6,"minecraft:diamond":1,"minecraft:jungle_sapling":5,"minecraft:bone_meal":50,"minecraft:raw_gold":1,"minecraft:grass_block":1,"minecraft:dandelion":1,"minecraft:stick":5},"minecraft:picked_up":{"minecraft:mud":9,"minecraft:stick":5,"minecraft:dandelion":1,"minecraft:oak_log":36,"minecraft:dirt":137,"minecraft:diamond":1,"minecraft:raw_gold":1,"minecraft:bone_meal":50,"minecraft:jungle_sapling":6,"minecraft:moss_block":37},"minecraft:killed":{"minecraft:wolf":1},"minecraft:custom":{"minecraft:time_since_rest":13999,"minecraft:sprint_one_cm":23397,"minecraft:damage_taken":1560,"minecraft:walk_one_cm":81604,"minecraft:mob_kills":4,"minecraft:drop":88,"minecraft:damage_dealt":1349,"minecraft:traded_with_villager":20,"minecraft:talked_to_villager":72,"minecraft:fly_one_cm":66248,"minecraft:crouch_one_cm":9308,"minecraft:play_time":86221,"minecraft:deaths":6,"minecraft:sneak_time":3184,"minecraft:jump":173,"minecraft:leave_game":6,"minecraft:time_since_death":13975,"minecraft:total_world_time":86221},"minecraft:crafted":{"minecraft:wolf_spawn_egg":3,"minecraft:oak_planks":116,"minecraft:coal":11,"minecraft:raw_gold":20,"minecraft:jungle_sapling":2,"minecraft:prismarine_shard":115}},"DataVersion":3953}