{"stats":{"minecraft:picked_up":{"minecraft:mud":9,"minecraft:oak_log":36,"minecraft:dirt":137,"minecraft:diamond":1,"minecraft:raw_gold":1,"minecraft:bone_meal":50,"minecraft:jungle_sapling":3,"minecraft:moss_block":37},"minecraft:mined":{"minecraft:mud":9,"minecraft:grass_block":114,"minecraft:oak_log":37,"minecraft:dirt":4,"minecraft:spruce_leaves":4,"minecraft:moss_block":37,"minecraft:oak_leaves":6},"minecraft:dropped":{"minecraft:dirt":25,"minecraft:blaze_rod":6,"minecraft:diamond":1,"minecraft:jungle_sapling":5,"minecraft:bone_meal":50,"minecraft:raw_gold":1},"minecraft:custom":{"minecraft:time_since_rest":1118,"minecraft:sprint_one_cm":17261,"minecraft:damage_taken":1000,"minecraft:walk_one_cm":64451,"minecraft:mob_kills":1,"minecraft:drop":81,"minecraft:damage_dealt":254,"minecraft:traded_with_villager":20,"minecraft:talked_to_villager":69,"minecraft:fly_one_cm":29836,"minecraft:crouch_one_cm":8926,"minecraft:play_time":62451,"minecraft:deaths":4,"minecraft:sneak_time":3028,"minecraft:jump":91,"minecraft:leave_game":3,"minecraft:time_since_death":1084,"minecraft:total_world_time":62451},"minecraft:crafted":{"minecraft:wolf_spawn_egg":3,"minecraft:oak_planks":116,"minecraft:coal":11,"minecraft:raw_gold":20,"minecraft:jungle_sapling":2,"minecraft:prismarine_shard":115},"minecraft:used":{"minecraft:jungle_sapling":5,"minecraft:acacia_stairs":4,"minecraft:grass_block":1,"minecraft:dirt":272,"minecraft:wolf_spawn_egg":4,"minecraft:bone_meal":9}},"DataVersion":3953}