{"stats":{"minecraft:crafted":{"minecraft:oak_planks":44},"minecraft:picked_up":{"minecraft:oak_log":16,"minecraft:moss_block":16,"minecraft:dirt":93},"minecraft:mined":{"minecraft:oak_log":17,"minecraft:grass_block":73,"minecraft:moss_block":16,"minecraft:dirt":4},"minecraft:used":{"minecraft:dirt":69},"minecraft:custom":{"minecraft:jump":11,"minecraft:leave_game":1,"minecraft:time_since_rest":15716,"minecraft:sprint_one_cm":3572,"minecraft:deaths":2,"minecraft:crouch_one_cm":5474,"minecraft:play_time":18422,"minecraft:damage_taken":480,"minecraft:time_since_death":15688,"minecraft:walk_one_cm":8265,"minecraft:sneak_time":1516,"minecraft:total_world_time":18422,"minecraft:drop":15,"minecraft:fly_one_cm":2922},"minecraft:dropped":{"minecraft:dirt":22}},"DataVersion":3953}