{"stats":{"minecraft:mined":{"minecraft:mud":9,"minecraft:grass_block":114,"minecraft:oak_log":37,"minecraft:dirt":4,"minecraft:spruce_leaves":4,"minecraft:moss_block":37,"minecraft:oak_leaves":6},"minecraft:used":{"minecraft:jungle_sapling":5,"minecraft:netherite_sword":23,"minecraft:wooden_axe":12,"minecraft:acacia_stairs":4,"minecraft:grass_block":136,"minecraft:pig_spawn_egg":1,"minecraft:dirt":272,"minecraft:oak_slab":17,"minecraft:wolf_spawn_egg":4,"minecraft:mule_spawn_egg":9,"minecraft:dandelion":1,"minecraft:bone_meal":9},"minecraft:dropped":{"minecraft:dirt":25,"minecraft:blaze_rod":6,"minecraft:diamond":1,"minecraft:jungle_sapling":5,"minecraft:bone_meal":50,"minecraft:raw_gold":1,"minecraft:grass_block":1,"minecraft:dandelion":3,"minecraft:stick":5},"minecraft:picked_up":{"minecraft:mud":9,"minecraft:stick":5,"minecraft:dandelion":3,"minecraft:potato":1,"minecraft:porkchop":1,"minecraft:oak_log":36,"minecraft:dirt":137,"minecraft:arrow":1,"minecraft:bone":1,"minecraft:diamond":1,"minecraft:raw_gold":1,"minecraft:bone_meal":50,"minecraft:jungle_sapling":6,"minecraft:moss_block":37},"minecraft:killed":{"minecraft:wolf":5,"minecraft:pig":4},"minecraft:custom":{"minecraft:time_since_rest":459,"minecraft:sprint_one_cm":25205,"minecraft:damage_taken":2680,"minecraft:walk_one_cm":95805,"minecraft:mob_kills":14,"minecraft:drop":90,"minecraft:damage_dealt":3174,"minecraft:traded_with_villager":24,"minecraft:talked_to_villager":75,"minecraft:fly_one_cm":106821,"minecraft:crouch_one_cm":9709,"minecraft:play_time":97094,"minecraft:deaths":10,"minecraft:sneak_time":3399,"minecraft:jump":232,"minecraft:leave_game":7,"minecraft:time_since_death":433,"minecraft:total_world_time":97094},"minecraft:crafted":{"minecraft:pig_spawn_egg":3,"minecraft:wolf_spawn_egg":3,"minecraft:oak_planks":116,"minecraft:coal":11,"minecraft:raw_gold":20,"minecraft:axolotl_bucket":1,"minecraft:jungle_sapling":2,"minecraft:prismarine_shard":115}},"DataVersion":3953}