{"stats":{"minecraft:crafted":{"minecraft:wolf_spawn_egg":3,"minecraft:oak_planks":116,"minecraft:prismarine_shard":115},"minecraft:used":{"minecraft:dirt":255,"minecraft:wolf_spawn_egg":4,"minecraft:grass_block":1},"minecraft:picked_up":{"minecraft:mud":9,"minecraft:oak_log":36,"minecraft:moss_block":37,"minecraft:dirt":137},"minecraft:custom":{"minecraft:time_since_rest":33698,"minecraft:deaths":2,"minecraft:crouch_one_cm":8167,"minecraft:play_time":36404,"minecraft:sprint_one_cm":12047,"minecraft:damage_taken":480,"minecraft:walk_one_cm":36325,"minecraft:sneak_time":2788,"minecraft:drop":18,"minecraft:jump":42,"minecraft:damage_dealt":58,"minecraft:leave_game":1,"minecraft:time_since_death":33670,"minecraft:traded_with_villager":13,"minecraft:total_world_time":36404,"minecraft:talked_to_villager":22,"minecraft:fly_one_cm":14646},"minecraft:dropped":{"minecraft:dirt":25},"minecraft:mined":{"minecraft:grass_block":114,"minecraft:oak_log":37,"minecraft:mud":9,"minecraft:dirt":4,"minecraft:spruce_leaves":4,"minecraft:moss_block":37,"minecraft:oak_leaves":6}},"DataVersion":3953}