{"stats":{"minecraft:crafted":{"minecraft:oak_planks":64},"minecraft:used":{"minecraft:dirt":97},"minecraft:picked_up":{"minecraft:mud":4,"minecraft:oak_log":28,"minecraft:moss_block":31,"minecraft:dirt":122},"minecraft:custom":{"minecraft:time_since_rest":21698,"minecraft:deaths":2,"minecraft:crouch_one_cm":7311,"minecraft:play_time":24404,"minecraft:sprint_one_cm":7922,"minecraft:damage_taken":480,"minecraft:walk_one_cm":15072,"minecraft:sneak_time":2237,"minecraft:drop":15,"minecraft:jump":25,"minecraft:damage_dealt":10,"minecraft:leave_game":1,"minecraft:time_since_death":21670,"minecraft:total_world_time":24404,"minecraft:talked_to_villager":3,"minecraft:fly_one_cm":7299},"minecraft:dropped":{"minecraft:dirt":22},"minecraft:mined":{"minecraft:grass_block":103,"minecraft:oak_log":29,"minecraft:mud":4,"minecraft:dirt":4,"minecraft:spruce_leaves":1,"minecraft:moss_block":31,"minecraft:oak_leaves":1}},"DataVersion":3953}