{"stats":{"minecraft:crafted":{"minecraft:wolf_spawn_egg":3,"minecraft:oak_planks":116,"minecraft:jungle_sapling":2,"minecraft:coal":11,"minecraft:prismarine_shard":115,"minecraft:raw_gold":20},"minecraft:picked_up":{"minecraft:mud":9,"minecraft:raw_gold":1,"minecraft:oak_log":36,"minecraft:jungle_sapling":3,"minecraft:moss_block":37,"minecraft:dirt":137},"minecraft:used":{"minecraft:jungle_sapling":5,"minecraft:dirt":272,"minecraft:wolf_spawn_egg":4,"minecraft:grass_block":1},"minecraft:custom":{"minecraft:time_since_rest":45698,"minecraft:deaths":2,"minecraft:crouch_one_cm":8825,"minecraft:play_time":48404,"minecraft:sprint_one_cm":13686,"minecraft:damage_taken":480,"minecraft:walk_one_cm":54338,"minecraft:sneak_time":2963,"minecraft:mob_kills":1,"minecraft:drop":24,"minecraft:jump":73,"minecraft:damage_dealt":254,"minecraft:leave_game":1,"minecraft:time_since_death":45670,"minecraft:traded_with_villager":20,"minecraft:total_world_time":48404,"minecraft:talked_to_villager":69,"minecraft:fly_one_cm":24639},"minecraft:dropped":{"minecraft:jungle_sapling":5,"minecraft:dirt":25,"minecraft:raw_gold":1},"minecraft:mined":{"minecraft:grass_block":114,"minecraft:oak_log":37,"minecraft:mud":9,"minecraft:dirt":4,"minecraft:spruce_leaves":4,"minecraft:moss_block":37,"minecraft:oak_leaves":6}},"DataVersion":3953}