{
  "versionInfo" : {
    "name" : "Geyser",
    "version" : "2.4.3-b680 (git-master-84dac08)",
    "javaName" : "OpenJDK 64-Bit Server VM",
    "javaVendor" : "Microsoft",
    "javaVersion" : "21.0.4+7-LTS",
    "architecture" : "amd64",
    "operatingSystem" : "Linux",
    "operatingSystemVersion" : "6.8.0-1014-azure",
    "network" : {
      "dockerCheck" : false,
      "internalIP" : "***"
    },
    "mcInfo" : {
      "bedrockVersions" : [
                "1.20.80/1.20.81",
                "1.21.0/1.21.1",
                "1.21.2/1.21.3",
                "1.21.20 - 1.21.23",
                "1.21.30"
            ],
      "bedrockProtocols" : [
                671,
                685,
                686,
                712,
                729
            ],
      "defaultBedrockProtocol" : 729,
      "javaVersions" : [
                "1.21"
            ],
      "javaProtocol" : 767
    }
  },
  "cpuCount" : 2,
  "cpuName" : "AMD EPYC 7763 64-Core Processor",
  "systemLocale" : "en",
  "systemEncoding" : "UTF-8",
  "gitInfo" : {
    "buildNumber" : "680",
    "git.commit.id.abbrev" : "84dac08",
    "git.commit.id" : "84dac08058d3d2130442ddfc33a32ae028e1a5d4",
    "git.branch" : "master",
    "git.remote.origin.url" : "https://github.com/GeyserMC/Geyser"
  },
  "config" : {
    "autoconfiguredRemote" : true,
    "bedrock" : {
      "address" : "0.0.0.0",
      "port" : 3784,
      "broadcast-port" : 3784,
      "clone-remote-port" : false,
      "motd1" : "Geyser",
      "motd2" : "Another Geyser server.",
      "server-name" : "Geyser",
      "compression-level" : 6,
      "enable-proxy-protocol" : false,
      "proxy-protocol-whitelisted-ips" : [ ]
    },
    "remote" : {
      "address" : "127.0.0.1",
      "port" : 25565,
      "auth-type" : "ONLINE",
      "use-proxy-protocol" : false,
      "forward-hostname" : false
    },
    "metrics" : {
      "enabled" : true,
      "uuid" : "74f755e6-39d3-499a-a1e3-315d35dd5c9c"
    },
    "disableCompression" : true,
    "saved-user-logins" : [
            "ThisExampleUsernameShouldBeLongEnoughToNeverBeAnXboxUsername",
            "ThisOtherExampleUsernameShouldAlsoBeLongEnough"
        ],
    "floodgate-key-file" : "key.pem",
    "command-suggestions" : true,
    "passthrough-motd" : true,
    "passthrough-player-counts" : true,
    "legacy-ping-passthrough" : false,
    "ping-passthrough-interval" : 3,
    "forward-player-ping" : false,
    "max-players" : 100,
    "debug-mode" : false,
    "allow-third-party-capes" : false,
    "show-cooldown" : "title",
    "show-coordinates" : true,
    "disable-bedrock-scaffolding" : false,
    "emote-offhand-workaround" : "DISABLED",
    "allow-third-party-ears" : false,
    "default-locale" : null,
    "cache-images" : 0,
    "allow-custom-skulls" : true,
    "max-visible-custom-skulls" : 128,
    "custom-skull-render-distance" : 32,
    "add-non-bedrock-items" : true,
    "above-bedrock-nether-building" : false,
    "force-resource-packs" : true,
    "xbox-achievements-enabled" : false,
    "log-player-ip-addresses" : true,
    "notify-on-new-bedrock-update" : true,
    "unusable-space-block" : "minecraft:barrier",
    "pending-authentication-timeout" : 120,
    "scoreboard-packet-threshold" : 20,
    "enable-proxy-connections" : false,
    "mtu" : 1400,
    "use-direct-connection" : true,
    "disable-compression" : true,
    "config-version" : 4
  },
  "floodgate" : {
    "gitInfo" : null,
    "config" : null
  },
  "userPlatforms" : { },
  "connectionAttempts" : 0,
  "hashInfo" : {
    "md5Hash" : "fe7b3a77deacb16b7b678a83393b5333",
    "sha256Hash" : "dc9c1f8c29da9957bf1462b227255e6ad20c25cfedc88a46adf78ca59d019677"
  },
  "ramInfo" : {
    "free" : 1218,
    "total" : 2048,
    "max" : 16384
  },
  "logsInfo" : null,
  "bootstrapInfo" : {
    "platform" : {
      "platformName" : "Spigot"
    },
    "platformName" : "Paper",
    "platformVersion" : "1.21-130-b1b5d4c (MC: 1.21)",
    "platformAPIVersion" : "1.21-R0.1-SNAPSHOT",
    "onlineMode" : false,
    "serverIP" : "",
    "serverPort" : 25565,
    "plugins" : [
            {
        "enabled" : true,
        "name" : "ViaVersion",
        "version" : "5.0.3",
        "main" : "com.viaversion.viaversion.ViaVersionPlugin",
        "authors" : [
                    "_MylesC",
                    "creeper123123321",
                    "Gerrygames",
                    "kennytv",
                    "Matsv",
                    "EnZaXD",
                    "RK_01"
                ]
      },
            {
        "enabled" : true,
        "name" : "Vault",
        "version" : "1.7.3-b131",
        "main" : "net.milkbowl.vault.Vault",
        "authors" : [
                    "cereal",
                    "Sleaker",
                    "mung3r"
                ]
      },
            {
        "enabled" : true,
        "name" : "Geyser-Spigot",
        "version" : "2.4.3-SNAPSHOT",
        "main" : "org.geysermc.geyser.platform.spigot.GeyserSpigotPlugin",
        "authors" : [
                    "GeyserMC"
                ]
      },
            {
        "enabled" : true,
        "name" : "Essentials",
        "version" : "2.21.0-dev+115-6157668",
        "main" : "com.earth2me.essentials.Essentials",
        "authors" : [
                    "Zenexer",
                    "ementalo",
                    "Aelux",
                    "Brettflan",
                    "KimKandor",
                    "snowleo",
                    "ceulemans",
                    "Xeology",
                    "KHobbits",
                    "md_5",
                    "Iaccidentally",
                    "drtshock",
                    "vemacs",
                    "SupaHam",
                    "mdcfe",
                    "JRoy",
                    "pop4959"
                ]
      },
            {
        "enabled" : true,
        "name" : "playit-gg",
        "version" : "0.1.4",
        "main" : "gg.playit.minecraft.PlayitBukkit",
        "authors" : [
                    "https://playit.gg"
                ]
      },
            {
        "enabled" : true,
        "name" : "ViaBackwards",
        "version" : "5.0.3",
        "main" : "com.viaversion.viabackwards.BukkitPlugin",
        "authors" : [
                    "Matsv",
                    "kennytv",
                    "Gerrygames",
                    "creeper123123321",
                    "ForceUpdate1",
                    "EnZaXD"
                ]
      },
            {
        "enabled" : true,
        "name" : "EconomyShopGUI",
        "version" : "6.8.2",
        "main" : "me.gypopo.economyshopgui.EconomyShopGUI",
        "authors" : [
                    "Gypopo"
                ]
      },
            {
        "enabled" : false,
        "name" : "AuctionHouse",
        "version" : "3.7.1",
        "main" : "com.spawnchunk.auctionhouse.AuctionHouse",
        "authors" : [
                    "klugemonkey"
                ]
      }
        ]
  },
  "flagsInfo" : {
    "flags" : [
            "-Xms2G",
            "-Xmx16G",
            "-XX:+UseG1GC",
            "-XX:+ParallelRefProcEnabled",
            "-XX:MaxGCPauseMillis=200",
            "-XX:+UnlockExperimentalVMOptions",
            "-XX:+DisableExplicitGC",
            "-XX:+AlwaysPreTouch",
            "-XX:G1NewSizePercent=30",
            "-XX:G1MaxNewSizePercent=40",
            "-XX:G1HeapRegionSize=8M",
            "-XX:G1ReservePercent=20",
            "-XX:G1HeapWastePercent=5",
            "-XX:G1MixedGCCountTarget=4",
            "-XX:InitiatingHeapOccupancyPercent=15",
            "-XX:G1MixedGCLiveThresholdPercent=90",
            "-XX:G1RSetUpdatingPauseTimePercent=5",
            "-XX:SurvivorRatio=32",
            "-XX:+PerfDisableSharedMem",
            "-XX:MaxTenuringThreshold=1",
            "-Dusing.aikars.flags=https://mcflags.emc.gs",
            "-Daikars.new.flags=true"
        ]
  },
  "extensionInfo" : [ ]
}